{
    "min": [
        -0.6768526434898376,
        -1.2293856143951416,
        -1.2427754402160645
    ],
    "max": [
        0.6351865530014038,
        1.2340245246887207,
        1.2491472959518433
    ]
}